Username,Type,Password,BorrowCount,HistoryCount
sahil,student,haha,0,0
don_vito_corleone,student,italia,0,0
michael_corleone,student,sicily,0,0
sonny_corleone,student,temper,0,0
fredo_corleone,student,weak,0,0
tom_hagen,faculty,advisor,0,0
walter_white,faculty,heisenberg,0,0
jesse_pinkman,student,yo,0,0
hank_schrader,faculty,minerals,0,0
saul_goodman,librarian,lawyer,0,0
skyler_white,student,accountant,0,0
frodo_baggins,student,ring,0,0
samwise_gamgee,student,loyalty,0,0
gandalf_the_grey,faculty,wizard,0,0
aragorn_elessar,student,ranger,0,0
legolas_greenleaf,student,archer,0,0
gimli_son_of_gloin,student,axe,0,0
boromir_gondor,student,honor,0,0
galadriel,faculty,lothlorien,0,0
gollum,student,precious,0,0
saruman,faculty,traitor,0,0